{
  "metric": "per-transition monthly SoH-loss RMSE (pp/month)",
  "split_sizes": {
    "train": 71,
    "validation": 23,
    "test": 26
  },
  "errors": {
    "train": 0.1933,
    "validation": 0.8478,
    "test": 0.7453
  },
  "feature_importance_rate": [
    [
      "dod_mean",
      0.06314902752637863
    ],
    [
      "cur_abs_mean",
      0.059772979468107224
    ],
    [
      "volt_max",
      0.05857967585325241
    ],
    [
      "soh_deficit",
      0.05835546925663948
    ],
    [
      "crate_p95",
      0.05358119308948517
    ],
    [
      "odo_max",
      0.05267321690917015
    ],
    [
      "imbalance_mean",
      0.05142108350992203
    ],
    [
      "soh",
      0.051201872527599335
    ],
    [
      "ah_throughput",
      0.049380578100681305
    ],
    [
      "frac_soc_low",
      0.04570087790489197
    ],
    [
      "volt_mean",
      0.04357597231864929
    ],
    [
      "age_months",
      0.042942747473716736
    ],
    [
      "temp_mean",
      0.04132023826241493
    ],
    [
      "cur_abs_p95",
      0.040674399584531784
    ],
    [
      "km_month",
      0.038527704775333405
    ],
    [
      "cur_chg_mean",
      0.0376468263566494
    ],
    [
      "cum_ah",
      0.03732163459062576
    ],
    [
      "cum_km",
      0.03356495872139931
    ],
    [
      "inv_sqrt_age",
      0.03280530124902725
    ],
    [
      "cur_dis_mean",
      0.029458265751600266
    ],
    [
      "frac_soc_high",
      0.029303355142474174
    ],
    [
      "soc_mean",
      0.024700306355953217
    ],
    [
      "temp_max",
      0.02434229664504528
    ]
  ],
  "feature_importance_trajectory": [
    [
      "soh0",
      1141.0
    ],
    [
      "dage",
      843.0
    ],
    [
      "age0",
      458.0
    ],
    [
      "ah_throughput",
      433.0
    ],
    [
      "soc_mean",
      424.0
    ],
    [
      "frac_soc_high",
      321.0
    ],
    [
      "km_month",
      312.0
    ],
    [
      "dod_mean",
      300.0
    ],
    [
      "cur_abs_p95",
      289.0
    ],
    [
      "deficit0",
      262.0
    ],
    [
      "temp_mean",
      186.0
    ],
    [
      "sqrt_dage",
      152.0
    ],
    [
      "temp_max",
      151.0
    ],
    [
      "frac_soc_low",
      151.0
    ],
    [
      "obs_rate",
      127.0
    ],
    [
      "crate_p95",
      50.0
    ]
  ],
  "version": "euler_20260707",
  "trained_at": "2026-07-07T13:48:13"
}