{
  "metric": "per-transition monthly SoH-loss RMSE (pp/month)",
  "split_sizes": {
    "train": 74,
    "validation": 24,
    "test": 26
  },
  "errors": {
    "train": 0.2536,
    "validation": 0.9836,
    "test": 1.0143
  },
  "feature_importance_rate": [
    [
      "soc_mean",
      0.09249142557382584
    ],
    [
      "volt_mean",
      0.07514277845621109
    ],
    [
      "cur_abs_p95",
      0.07011374086141586
    ],
    [
      "dod_mean",
      0.06495708972215652
    ],
    [
      "soh",
      0.05974431708455086
    ],
    [
      "crate_p95",
      0.058201637119054794
    ],
    [
      "frac_soc_high",
      0.05686703696846962
    ],
    [
      "cur_dis_mean",
      0.047364432364702225
    ],
    [
      "temp_mean",
      0.04274970293045044
    ],
    [
      "imbalance_mean",
      0.042355477809906006
    ],
    [
      "ah_throughput",
      0.039679910987615585
    ],
    [
      "cum_ah",
      0.03662148863077164
    ],
    [
      "frac_soc_low",
      0.033785682171583176
    ],
    [
      "soh_deficit",
      0.03322828188538551
    ],
    [
      "cur_chg_mean",
      0.03240034729242325
    ],
    [
      "age_months",
      0.0322735421359539
    ],
    [
      "cum_km",
      0.029821224510669708
    ],
    [
      "km_month",
      0.029486406594514847
    ],
    [
      "inv_sqrt_age",
      0.02737673930823803
    ],
    [
      "cur_abs_mean",
      0.026901353150606155
    ],
    [
      "temp_max",
      0.024594740942120552
    ],
    [
      "volt_max",
      0.022653471678495407
    ],
    [
      "odo_max",
      0.021189169958233833
    ]
  ],
  "feature_importance_trajectory": [
    [
      "soh0",
      954.0
    ],
    [
      "dage",
      866.0
    ],
    [
      "km_month",
      539.0
    ],
    [
      "cur_abs_p95",
      467.0
    ],
    [
      "ah_throughput",
      375.0
    ],
    [
      "soc_mean",
      326.0
    ],
    [
      "dod_mean",
      313.0
    ],
    [
      "frac_soc_high",
      262.0
    ],
    [
      "deficit0",
      232.0
    ],
    [
      "age0",
      228.0
    ],
    [
      "temp_mean",
      209.0
    ],
    [
      "frac_soc_low",
      209.0
    ],
    [
      "temp_max",
      194.0
    ],
    [
      "obs_rate",
      176.0
    ],
    [
      "sqrt_dage",
      164.0
    ],
    [
      "crate_p95",
      86.0
    ]
  ],
  "version": "euler_20260624",
  "trained_at": "2026-06-24T14:13:49"
}