{
  "metric": "per-transition monthly SoH-loss RMSE (pp/month)",
  "split_sizes": {
    "train": 71,
    "validation": 23,
    "test": 25
  },
  "errors": {
    "train": 0.2492,
    "validation": 1.0251,
    "test": 1.0009
  },
  "feature_importance_rate": [
    [
      "soc_mean",
      0.08694121986627579
    ],
    [
      "volt_mean",
      0.08351431041955948
    ],
    [
      "cur_abs_p95",
      0.08060126006603241
    ],
    [
      "dod_mean",
      0.0729813352227211
    ],
    [
      "soh",
      0.06178703531622887
    ],
    [
      "frac_soc_high",
      0.05086676403880119
    ],
    [
      "imbalance_mean",
      0.047160953283309937
    ],
    [
      "cur_dis_mean",
      0.043364983052015305
    ],
    [
      "cum_ah",
      0.04299960657954216
    ],
    [
      "cur_chg_mean",
      0.04256061464548111
    ],
    [
      "cur_abs_mean",
      0.04168020561337471
    ],
    [
      "temp_mean",
      0.03777189180254936
    ],
    [
      "km_month",
      0.03752504289150238
    ],
    [
      "age_months",
      0.03588167950510979
    ],
    [
      "soh_deficit",
      0.03506367653608322
    ],
    [
      "ah_throughput",
      0.033116184175014496
    ],
    [
      "cum_km",
      0.030884359031915665
    ],
    [
      "volt_max",
      0.026834538206458092
    ],
    [
      "inv_sqrt_age",
      0.024934962391853333
    ],
    [
      "odo_max",
      0.024844281375408173
    ],
    [
      "frac_soc_low",
      0.022783923894166946
    ],
    [
      "crate_p95",
      0.01882716827094555
    ],
    [
      "temp_max",
      0.017073960974812508
    ]
  ],
  "feature_importance_trajectory": [
    [
      "soh0",
      1005.0
    ],
    [
      "dage",
      900.0
    ],
    [
      "cur_abs_p95",
      534.0
    ],
    [
      "km_month",
      502.0
    ],
    [
      "ah_throughput",
      334.0
    ],
    [
      "dod_mean",
      331.0
    ],
    [
      "deficit0",
      275.0
    ],
    [
      "age0",
      258.0
    ],
    [
      "soc_mean",
      255.0
    ],
    [
      "frac_soc_high",
      238.0
    ],
    [
      "temp_mean",
      213.0
    ],
    [
      "obs_rate",
      199.0
    ],
    [
      "sqrt_dage",
      168.0
    ],
    [
      "temp_max",
      163.0
    ],
    [
      "frac_soc_low",
      145.0
    ],
    [
      "crate_p95",
      80.0
    ]
  ],
  "version": "euler_20260624",
  "trained_at": "2026-06-24T20:49:26"
}